trial_number,state,stopped_epoch,target_metric,best_val_loss,best_macro_auroc,pretrain_lr,weight_decay,scheduler_patience,scheduler_factor,tabular_hidden_dim,tabular_fusion_dim,tabular_dropout,hidden_dim,num_layers,rnn_dropout,head_dropout
0,COMPLETE,23,0.4760025240279533,0.4760025240279533,0.0,0.00030676871678125074,3.7348973478010356e-05,4,0.4,256,128,0.2,128,1,0.2,0.30000000000000004
1,PRUNED,5,0.4831399329610773,0.4831399329610773,0.0,0.00013413936485049096,2.2433834533274747e-05,6,0.4,128,256,0.2,256,2,0.1,0.2
2,PRUNED,5,0.4966951197869069,0.4966951197869069,0.0,0.00020005994614183604,9.713375886246646e-05,5,0.30000000000000004,256,256,0.2,256,1,0.2,0.4
3,COMPLETE,18,0.4811748314548183,0.4811748314548183,0.0,0.00023073023906711572,0.00016818569396284946,3,0.5,64,512,0.4,256,2,0.30000000000000004,0.30000000000000004
4,PRUNED,15,0.479822622763144,0.479822622763144,0.0,0.00038794673153747476,1.466864427197727e-05,7,0.2,128,128,0.1,128,1,0.1,0.30000000000000004
5,COMPLETE,20,0.4789590779188517,0.47942176219579336,0.0,0.00016703526500493488,0.0002420697886821871,6,0.30000000000000004,64,512,0.30000000000000004,128,2,0.30000000000000004,0.30000000000000004
6,PRUNED,5,0.5009105890183836,0.501788009662886,0.0,0.00012753622442798816,6.277006602306237e-05,4,0.30000000000000004,128,512,0.4,256,1,0.2,0.2
7,PRUNED,5,0.49798181733569585,0.49846127145999186,0.0,0.0001316985722862474,0.0004552241241526251,5,0.4,64,128,0.2,256,2,0.2,0.30000000000000004
8,COMPLETE,17,0.47893557355210586,0.47893557355210586,0.0,0.00036647715275722433,6.148088464414319e-05,7,0.2,256,256,0.2,128,1,0.4,0.30000000000000004
9,COMPLETE,13,0.4811217221053871,0.4816201127864219,0.0,0.00020879364013161214,0.00032140452112743224,7,0.2,128,128,0.30000000000000004,256,2,0.30000000000000004,0.2
10,PRUNED,15,0.4792658316122519,0.4792658316122519,0.0,0.000362144511345949,2.190697021694581e-05,4,0.4,256,256,0.2,128,1,0.2,0.30000000000000004
11,PRUNED,15,0.4805073552840465,0.4805073552840465,0.0,0.00043448489850171716,0.00010959117890225608,8,0.2,256,512,0.30000000000000004,128,1,0.30000000000000004,0.2
12,COMPLETE,17,0.47887691130509247,0.47887691130509247,0.0,0.00033403847456133363,0.00022733368877195768,6,0.30000000000000004,256,256,0.1,128,1,0.4,0.30000000000000004
13,COMPLETE,17,0.47912671678775065,0.47912671678775065,0.0,0.00036798023652131237,0.0007007390180849631,6,0.2,256,256,0.1,128,1,0.30000000000000004,0.30000000000000004
14,PRUNED,5,0.4947546132512995,0.4947546132512995,0.0,0.00020628905120651395,0.00010198930575885454,5,0.30000000000000004,256,128,0.1,128,1,0.30000000000000004,0.2
15,PRUNED,5,0.4949944438161077,0.4949944438161077,0.0,0.0004525535110006004,0.00012047844951940624,3,0.5,64,128,0.2,128,1,0.30000000000000004,0.30000000000000004
16,PRUNED,5,0.4898873148737727,0.4898873148737727,0.0,0.00036469862153846013,0.00020146195066719124,6,0.4,128,256,0.2,128,1,0.4,0.30000000000000004
17,PRUNED,5,0.4922174883855356,0.4922174883855356,0.0,0.00040220975362692746,3.942976123165656e-05,4,0.30000000000000004,256,512,0.1,128,1,0.4,0.4
18,PRUNED,15,0.47881420802425695,0.47881420802425695,0.0,0.00034969296077634723,1.1576374395786204e-05,6,0.4,64,128,0.30000000000000004,128,1,0.2,0.2
19,PRUNED,5,0.49613565770355433,0.49613565770355433,0.0,0.0001807937899051405,1.4252547084365132e-05,5,0.5,256,128,0.1,128,1,0.2,0.30000000000000004
20,COMPLETE,15,0.4820520096534007,0.4820520096534007,0.0,0.00034003412247267736,0.00026569722588338065,7,0.4,256,256,0.2,256,1,0.4,0.1
21,PRUNED,15,0.47938142596064387,0.47938142596064387,0.0,0.00036546229756331534,4.4258514489717094e-05,7,0.2,256,256,0.1,128,1,0.4,0.30000000000000004
22,COMPLETE,15,0.47804380188117157,0.47804380188117157,0.0,0.00047157906154563157,2.7261869199132617e-05,6,0.2,64,256,0.30000000000000004,128,1,0.30000000000000004,0.30000000000000004
23,COMPLETE,30,0.47437960876000895,0.47437960876000895,0.0,0.00025041638937096076,1.5473506214330462e-05,5,0.2,64,256,0.4,128,1,0.2,0.30000000000000004
24,PRUNED,5,0.4901666375430855,0.4901666375430855,0.0,0.00019364679109018436,2.4166870880809618e-05,6,0.2,64,256,0.4,128,1,0.2,0.2
25,COMPLETE,15,0.475995519676724,0.475995519676724,0.0,0.0004934137276554521,2.496151508868907e-05,6,0.30000000000000004,64,256,0.4,128,1,0.1,0.4
26,COMPLETE,15,0.47699438397948807,0.47699438397948807,0.0,0.0004950035223115198,1.1019379210949477e-05,7,0.30000000000000004,64,256,0.4,128,1,0.1,0.4
27,PRUNED,5,0.4916278591027131,0.4916278591027131,0.0,0.000419501687117927,3.374864135680966e-05,5,0.4,64,128,0.4,256,1,0.1,0.4
28,PRUNED,5,0.49561207278354746,0.49561207278354746,0.0,0.0003802377681953617,4.62395760403773e-05,5,0.30000000000000004,128,512,0.4,128,1,0.2,0.4
29,PRUNED,5,0.4941044498134304,0.4941044498134304,0.0,0.00018102869332543338,1.2317107341287823e-05,6,0.2,128,256,0.4,128,1,0.30000000000000004,0.4
30,COMPLETE,24,0.4760977674174953,0.476536993239377,0.0,0.0002699758440186443,2.2401126096107945e-05,5,0.30000000000000004,256,128,0.30000000000000004,128,1,0.1,0.4
31,COMPLETE,25,0.47481856555552093,0.47481856555552093,0.0,0.00030612805503169396,3.9068605047469753e-05,4,0.30000000000000004,256,128,0.4,128,1,0.1,0.4
32,COMPLETE,15,0.4790151135341541,0.4790151135341541,0.0,0.0003048331780597976,0.0001987566474822448,3,0.30000000000000004,256,512,0.4,128,2,0.1,0.4
33,PRUNED,5,0.48332261636450485,0.48332261636450485,0.0,0.0004731411161603002,2.926607636233095e-05,6,0.30000000000000004,128,256,0.4,256,1,0.1,0.4
34,COMPLETE,18,0.47683684487600586,0.47683684487600586,0.0,0.00044678132764932433,3.681477873344329e-05,3,0.2,64,256,0.30000000000000004,128,1,0.1,0.4
35,PRUNED,5,0.49028012317580144,0.49028012317580144,0.0,0.0003442082692917645,6.298435775478319e-05,3,0.4,256,128,0.4,128,1,0.1,0.4
36,COMPLETE,15,0.47670135707468597,0.47670135707468597,0.0,0.0004393867144289196,0.00010187088910719233,5,0.4,64,256,0.4,128,1,0.2,0.30000000000000004
37,PRUNED,5,0.49165286405666453,0.49180509512488907,0.0,0.0003433159849544012,3.629519920511084e-05,3,0.5,256,128,0.30000000000000004,256,1,0.30000000000000004,0.30000000000000004
38,PRUNED,5,0.5010061731209626,0.5010061731209626,0.0,0.00022624265542299906,1.4465593761776096e-05,5,0.30000000000000004,64,128,0.4,128,1,0.30000000000000004,0.4
39,PRUNED,15,0.47605242600312103,0.47605242600312103,0.0,0.00024212404276076677,1.0503257890634304e-05,6,0.2,64,256,0.4,256,1,0.2,0.4
40,PRUNED,5,0.4934804673130448,0.4934804673130448,0.0,0.00039680842071328616,0.00013855909941881206,3,0.4,256,128,0.1,256,1,0.1,0.30000000000000004
41,PRUNED,15,0.4748892759954607,0.4748892759954607,0.0,0.0002927353510542289,2.1636232358256568e-05,5,0.2,256,128,0.2,128,2,0.1,0.4
42,PRUNED,5,0.4949949641485472,0.4949949641485472,0.0,0.00018232701367686908,4.55153641114774e-05,6,0.30000000000000004,256,128,0.2,128,1,0.1,0.4
43,PRUNED,15,0.4851815289742238,0.4856119840531736,0.0,0.0002334689403093583,2.828334447961778e-05,5,0.30000000000000004,256,256,0.4,128,1,0.1,0.4
44,PRUNED,5,0.48975903681806615,0.48975903681806615,0.0,0.000449897910981954,2.6422183678299067e-05,3,0.30000000000000004,256,128,0.2,128,1,0.2,0.2
45,COMPLETE,20,0.4763761235250009,0.4763761235250009,0.0,0.00042807096192466667,1.7285589658758624e-05,4,0.2,256,128,0.4,128,1,0.1,0.4
46,PRUNED,5,0.49445513937924357,0.49445513937924357,0.0,0.00024034225369039605,2.964179496406711e-05,4,0.4,128,128,0.2,128,1,0.1,0.30000000000000004
47,PRUNED,5,0.4900174575882989,0.4900174575882989,0.0,0.00022013216772280044,4.281293760780367e-05,5,0.4,256,128,0.30000000000000004,256,1,0.1,0.30000000000000004
48,PRUNED,5,0.49036018832309825,0.49036018832309825,0.0,0.00028961734440474755,6.27134838392993e-05,6,0.5,256,128,0.30000000000000004,128,1,0.30000000000000004,0.2
49,PRUNED,15,0.4817474500553028,0.4825583656091948,0.0,0.0002626782336517411,0.0001268616190623087,3,0.2,256,128,0.4,128,1,0.30000000000000004,0.4
